timestamp,ip,method,path,status
172,127.0.0.1,POST,/login,401
185,127.0.0.1,POST,/login,401
198,127.0.0.1,POST,/login,401
213,127.0.0.1,POST,/login,401
226,127.0.0.1,POST,/login,401
240,127.0.0.1,POST,/login,401
253,127.0.0.1,POST,/login,401
266,127.0.0.1,POST,/login,401
281,127.0.0.1,POST,/login,401
293,127.0.0.1,POST,/login,401
307,127.0.0.1,POST,/login,401
320,127.0.0.1,POST,/login,401
332,127.0.0.1,POST,/login,401
345,127.0.0.1,POST,/login,401
358,127.0.0.1,POST,/login,401
371,127.0.0.1,POST,/login,401
384,127.0.0.1,POST,/login,401
396,127.0.0.1,POST,/login,401
423,127.0.0.1,POST,/login,401
448,127.0.0.1,POST,/login,401
461,127.0.0.1,POST,/login,401
482,127.0.0.1,POST,/login,401
495,127.0.0.1,POST,/login,401
520,127.0.0.1,POST,/login,401
535,127.0.0.1,POST,/login,401
553,127.0.0.1,POST,/login,401
565,127.0.0.1,POST,/login,401
578,127.0.0.1,POST,/login,401
590,127.0.0.1,POST,/login,401
605,127.0.0.1,POST,/login,401
618,127.0.0.1,POST,/login,401
640,127.0.0.1,POST,/login,401
656,127.0.0.1,POST,/login,401
669,127.0.0.1,POST,/login,401
681,127.0.0.1,POST,/login,401
696,127.0.0.1,POST,/login,401
711,127.0.0.1,POST,/login,401
724,127.0.0.1,POST,/login,401
736,127.0.0.1,POST,/login,401
760,127.0.0.1,POST,/login,401
774,127.0.0.1,POST,/login,401
787,127.0.0.1,POST,/login,401
802,127.0.0.1,POST,/login,401
814,127.0.0.1,POST,/login,401
826,127.0.0.1,POST,/login,401
841,127.0.0.1,POST,/login,401
853,127.0.0.1,POST,/login,401
867,127.0.0.1,POST,/login,401
881,127.0.0.1,POST,/login,401
898,127.0.0.1,POST,/login,401
384,127.0.0.1,POST,/login,401
397,127.0.0.1,POST,/login,401
410,127.0.0.1,POST,/login,401
423,127.0.0.1,POST,/login,401
437,127.0.0.1,POST,/login,401
449,127.0.0.1,POST,/login,401
464,127.0.0.1,POST,/login,401
478,127.0.0.1,POST,/login,401
500,127.0.0.1,POST,/login,401
515,127.0.0.1,POST,/login,401
527,127.0.0.1,POST,/login,401
539,127.0.0.1,POST,/login,401
553,127.0.0.1,POST,/login,401
565,127.0.0.1,POST,/login,401
579,127.0.0.1,POST,/login,401
592,127.0.0.1,POST,/login,401
604,127.0.0.1,POST,/login,401
619,127.0.0.1,POST,/login,401
632,127.0.0.1,POST,/login,401
644,127.0.0.1,POST,/login,401
658,127.0.0.1,POST,/login,401
670,127.0.0.1,POST,/login,401
688,127.0.0.1,POST,/login,401
701,127.0.0.1,POST,/login,401
714,127.0.0.1,POST,/login,401
731,127.0.0.1,POST,/login,401
745,127.0.0.1,POST,/login,401
759,127.0.0.1,POST,/login,401
772,127.0.0.1,POST,/login,401
786,127.0.0.1,POST,/login,401
798,127.0.0.1,POST,/login,401
809,127.0.0.1,POST,/login,401
825,127.0.0.1,POST,/login,401
837,127.0.0.1,POST,/login,401
860,127.0.0.1,POST,/login,401
874,127.0.0.1,POST,/login,401
887,127.0.0.1,POST,/login,401
900,127.0.0.1,POST,/login,401
914,127.0.0.1,POST,/login,401
926,127.0.0.1,POST,/login,401
938,127.0.0.1,POST,/login,401
951,127.0.0.1,POST,/login,401
963,127.0.0.1,POST,/login,401
975,127.0.0.1,POST,/login,401
990,127.0.0.1,POST,/login,401
3,127.0.0.1,POST,/login,401
17,127.0.0.1,POST,/login,401
29,127.0.0.1,POST,/login,401
45,127.0.0.1,POST,/login,401
58,127.0.0.1,POST,/login,401
447,127.0.0.1,POST,/login,401
464,127.0.0.1,POST,/login,401
477,127.0.0.1,POST,/login,401
490,127.0.0.1,POST,/login,401
503,127.0.0.1,POST,/login,401
530,127.0.0.1,POST,/login,401
557,127.0.0.1,POST,/login,401
579,127.0.0.1,POST,/login,401
605,127.0.0.1,POST,/login,401
628,127.0.0.1,POST,/login,401
650,127.0.0.1,POST,/login,401
666,127.0.0.1,POST,/login,401
678,127.0.0.1,POST,/login,401
705,127.0.0.1,POST,/login,401
730,127.0.0.1,POST,/login,401
742,127.0.0.1,POST,/login,401
755,127.0.0.1,POST,/login,401
770,127.0.0.1,POST,/login,401
784,127.0.0.1,POST,/login,401
797,127.0.0.1,POST,/login,401
810,127.0.0.1,POST,/login,401
823,127.0.0.1,POST,/login,401
835,127.0.0.1,POST,/login,401
849,127.0.0.1,POST,/login,401
861,127.0.0.1,POST,/login,401
877,127.0.0.1,POST,/login,401
890,127.0.0.1,POST,/login,401
903,127.0.0.1,POST,/login,401
918,127.0.0.1,POST,/login,401
930,127.0.0.1,POST,/login,401
943,127.0.0.1,POST,/login,401
957,127.0.0.1,POST,/login,401
970,127.0.0.1,POST,/login,401
988,127.0.0.1,POST,/login,401
2,127.0.0.1,POST,/login,401
15,127.0.0.1,POST,/login,401
28,127.0.0.1,POST,/login,401
41,127.0.0.1,POST,/login,401
53,127.0.0.1,POST,/login,401
69,127.0.0.1,POST,/login,401
82,127.0.0.1,POST,/login,401
96,127.0.0.1,POST,/login,401
123,127.0.0.1,POST,/login,401
138,127.0.0.1,POST,/login,401
150,127.0.0.1,POST,/login,401
166,127.0.0.1,POST,/login,401
178,127.0.0.1,POST,/login,401
191,127.0.0.1,POST,/login,401
205,127.0.0.1,POST,/login,401
218,127.0.0.1,POST,/login,401
